{"level":[{"point":[{"id":0,"pos":{"x":0.07058823529411726,"y":1.8882586220899733e-15,"z":-3.816686293588235},"joinP":[1]},{"id":1,"pos":{"x":2.6588235294117646,"y":2.631241642961847e-15,"z":-3.3460980559411757},"joinP":[0,3]},{"id":3,"pos":{"x":2.7607843137254906,"y":2.888338820038929e-15,"z":-1.1578627508823522},"joinP":[1,5]},{"id":5,"pos":{"x":0.3843137254901964,"y":1.2332401046118399e-15,"z":-0.5460980419411758},"joinP":[3]}]}]}